App Id,Parent Id,Visibility,Comment,Sources
202997,,internal,,"SWG,DNS"
994779,,internal,,"SWG,DNS"
1017193,,internal,,"SWG,DNS"
889478,,internal,,"SWG,DNS"
264565,,internal,,"SWG,DNS"
1006158,,internal,,"SWG,DNS"
1002485,,internal,,"SWG,DNS"
1005900,,internal,,"SWG,DNS"
234569,,internal,,"SWG,DNS"
1002084,,internal,,"SWG,DNS"
1006877,,internal,,"SWG,DNS"
998995,,internal,,"SWG,DNS"
1008322,,internal,,"SWG,DNS"
1006497,,internal,,"SWG,DNS"
996284,,internal,,"SWG,DNS"
1007645,,internal,,"SWG,DNS"
22317,,internal,,"SWG,DNS"
327433,,internal,,"SWG,DNS"
1000366,,internal,,"SWG,DNS"
1003080,,internal,,"SWG,DNS"
555962,,internal,,"SWG,DNS"
1012464,,internal,,"SWG,DNS"
1013937,,internal,,"SWG,DNS"
1017323,,internal,,"SWG,DNS"
468641,,internal,,"SWG,DNS"
1016640,,internal,,"SWG,DNS"
1020189,,internal,,"SWG,DNS"
1006404,,internal,,"SWG,DNS"
1018535,,internal,,"SWG,DNS"
1002882,,internal,,"SWG,DNS"
1018463,,internal,,"SWG,DNS"
1019520,,internal,,"SWG,DNS"
998020,,internal,,"SWG,DNS"
1002665,,internal,,"SWG,DNS"
997969,,internal,,"SWG,DNS"
1002790,,internal,,"SWG,DNS"
1002741,,internal,,"SWG,DNS"
993587,,internal,,"SWG,DNS"
1016252,,internal,,"SWG,DNS"
992529,,internal,,"SWG,DNS"
1002518,,internal,,"SWG,DNS"
1019572,,internal,,"SWG,DNS"
991494,,internal,,"SWG,DNS"
1023826,,internal,,"SWG,DNS"
1002907,,internal,,"SWG,DNS"
1005542,,internal,,"SWG,DNS"
1017978,,internal,,"SWG,DNS"
1018659,,internal,,"SWG,DNS"
626013,,internal,,"SWG,DNS"
1007136,,internal,,"SWG,DNS"
1002505,,internal,,"SWG,DNS"
1006342,,internal,,"SWG,DNS"
992049,,internal,,"SWG,DNS"
1003641,,internal,,"SWG,DNS"
1023785,,internal,,"SWG,DNS"
1002482,,internal,,"SWG,DNS"
1002486,,internal,,"SWG,DNS"
331467,,internal,,"SWG,DNS"
608198,,internal,,"SWG,DNS"
1002487,,internal,,"SWG,DNS"
161288,,internal,,"SWG,DNS"
1002719,,internal,,"SWG,DNS"
102621,,internal,,"SWG,DNS"
1023095,,internal,,"SWG,DNS"
1016971,,internal,,"SWG,DNS"
1018795,,internal,,"SWG,DNS"
1001072,,internal,,"SWG,DNS"
1003522,,internal,,"SWG,DNS"
999353,,internal,,"SWG,DNS"
1004893,,internal,,"SWG,DNS"
999760,,internal,,"SWG,DNS"
704788,,internal,,"SWG,DNS"
1018136,,internal,,"SWG,DNS"
1016248,,internal,,"SWG,DNS"
1008378,,internal,,"SWG,DNS"
1012356,,internal,,"SWG,DNS"
1008592,,internal,,"SWG,DNS"
1002320,,internal,,"SWG,DNS"
1003667,,internal,,"SWG,DNS"
986789,,internal,,"SWG,DNS"
1002343,,internal,,"SWG,DNS"
1016624,,internal,,"SWG,DNS"
1001276,,internal,,"SWG,DNS"
1003600,,internal,,"SWG,DNS"
1005532,,internal,,"SWG,DNS"
990830,,internal,,"SWG,DNS"
1014001,,internal,,"SWG,DNS"
1003731,,internal,,"SWG,DNS"
1005700,,internal,,"SWG,DNS"
994466,,internal,,"SWG,DNS"
1003927,,internal,,"SWG,DNS"
1022127,,internal,,"SWG,DNS"
1002686,,internal,,"SWG,DNS"
1000277,,internal,,"SWG,DNS"
1015204,,internal,,"SWG,DNS"
1018694,,internal,,"SWG,DNS"
659735,,internal,,"SWG,DNS"
1002682,,internal,,"SWG,DNS"
12063,,internal,,"SWG,DNS"
400906,,internal,,"SWG,DNS"
1002646,,internal,,"SWG,DNS"
1014623,,internal,,"SWG,DNS"
1002647,,internal,,"SWG,DNS"
76156,,internal,,"SWG,DNS"
1011131,,internal,,"SWG,DNS"
989287,,internal,,"SWG,DNS"
1006000,,internal,,"SWG,DNS"
1012705,,internal,,"SWG,DNS"
991916,,internal,,"SWG,DNS"
1002651,,internal,,"SWG,DNS"
1002658,,internal,,"SWG,DNS"
1004761,,internal,,"SWG,DNS"
1016660,,internal,,"SWG,DNS"
1002676,,internal,,"SWG,DNS"
991696,,internal,,"SWG,DNS"
937967,,internal,,"SWG,DNS"
1003620,,internal,,"SWG,DNS"
990619,,internal,,"SWG,DNS"
1002820,,internal,,"SWG,DNS"
1018909,,internal,,"SWG,DNS"
1002694,,internal,,"SWG,DNS"
1003537,,internal,,"SWG,DNS"
1003580,,internal,,"SWG,DNS"
1004352,,internal,,"SWG,DNS"
1016555,,internal,,"SWG,DNS"
994160,,internal,,"SWG,DNS"
1005952,,internal,,"SWG,DNS"
1007301,,internal,,"SWG,DNS"
1003497,,internal,,"SWG,DNS"
1002759,,internal,,"SWG,DNS"
850100,,internal,,"SWG,DNS"
1002774,,internal,,"SWG,DNS"
1002999,,internal,,"SWG,DNS"
1006408,,internal,,"SWG,DNS"
985173,,internal,,"SWG,DNS"
226098,,internal,,"SWG,DNS"
1002785,,internal,,"SWG,DNS"
997553,,internal,,"SWG,DNS"
116556,,internal,,"SWG,DNS"
999674,,internal,,"SWG,DNS"
795403,,internal,,"SWG,DNS"
1002726,,internal,,"SWG,DNS"
514716,,internal,,"SWG,DNS"
588895,,internal,,"SWG,DNS"
1002736,,internal,,"SWG,DNS"
987009,,internal,,"SWG,DNS"
1010362,,internal,,"SWG,DNS"
294575,,internal,,"SWG,DNS"
1002740,,internal,,"SWG,DNS"
1002748,,internal,,"SWG,DNS"
988426,,internal,,"SWG,DNS"
997557,,internal,,"SWG,DNS"
999464,,internal,,"SWG,DNS"
1016704,,internal,,"SWG,DNS"
324536,,internal,,"SWG,DNS"
1006258,,internal,,"SWG,DNS"
1007175,,internal,,"SWG,DNS"
1003612,,internal,,"SWG,DNS"
1006783,,internal,,"SWG,DNS"
988844,,internal,,"SWG,DNS"
1001172,,internal,,"SWG,DNS"
552468,,internal,,"SWG,DNS"
1015968,,internal,,"SWG,DNS"
1006639,,internal,,"SWG,DNS"
478533,,internal,,"SWG,DNS"
1001269,,internal,,"SWG,DNS"
1016925,,internal,,"SWG,DNS"
294011,,internal,,"SWG,DNS"
1002747,,internal,,"SWG,DNS"
1002735,,internal,,"SWG,DNS"
1005566,,internal,,"SWG,DNS"
1002771,,internal,,"SWG,DNS"
645214,,internal,,"SWG,DNS"
1017768,,internal,,"SWG,DNS"
988334,,internal,,"SWG,DNS"
994153,,internal,,"SWG,DNS"
1002783,,internal,,"SWG,DNS"
1002860,,internal,,"SWG,DNS"
502885,,internal,,"SWG,DNS"
1005383,,internal,,"SWG,DNS"
1005159,,internal,,"SWG,DNS"
